Agency,Data Source,Website,Relevance,Data Description,"Scale Level
Standard Hierarchy of Census Geographic Entities (US Census, Nov 2020) https://www2.census.gov/geo/pdfs/reference/geodiagram_islandareas.pdf",Scale Level Comments,Variable Indicator Examples (but not limited to) ,Timeframe (Can Vary Based on DataSet),Frequency of Updates,Comments/Questions? ,Point of Contact,Relevant URLs,Cited by,,,,,,,,,,,,,,,,,
Agency for Healthcare Research and Quality (AHRQ),AHRQ Social Determinants of Health Database,https://www.ahrq.gov/sdoh/data-analytics/sdoh-data.html,Health Data Set,"The purpose of this project is to create easy to use, easily linkable SDOH-focused data to use in PCOR research, inform approaches to address emerging health issues, and ultimately contribute to improved health outcomes. These SDOH beta data files are curated from existing Federal datasets and other publicly available data sources. The purpose of the files is to make it easier to find a range of well documented, readily linkable SDOH variables across domains without having to access multiple source files, facilitating SDOH research and analysis.",Census Tracts,,"Demographics – population distribution, age, Race/ethnicity, Social Vulnerability Index, Segregation, Living Conditions, Workforce / Employment, Poverty, Income, Education, Health Insurance Status, Health care system characteristics, Health status- mortality, Population density",2009-2018,datasets cover 10-year periods,Data available online for download here: https://www.ahrq.gov/sdoh/data-analytics/sdoh-data.html,SDOH@ahrq.hhs.gov,,,,,,,,,,,,,,,,,,,
Agency for Healthcare Research and Quality (AHRQ),Healthcare Cost and Utilization Project (HCUP),https://www.ahrq.gov/data/hcup/index.html,Health Data Set,"The Healthcare Cost and Utilization Project (HCUP, pronounced ""H-Cup"") is a family of databases, software tools and related products developed through a Federal-State-Industry partnership and sponsored by AHRQ. HCUP databases are derived from administrative data and contain encounter-level, clinical and nonclinical information including all-listed diagnoses and procedures, discharge status, patient demographics, and charges for all patients, regardless of payer (e.g., Medicare, Medicaid, private insurance, uninsured), beginning in 1988. These databases enable research on a broad range of health policy issues, including cost and quality of health services, medical practice patterns, access to health care programs, and outcomes of treatments at the national, State, and local market levels.

The HCUP databases are based on the data collection efforts of data organizations in participating States that have partnered with AHRQ.",N/A,Based on Healthcare Facilities,"Adult and pediatric ICD-10-CM/PCS diagnosis, procedure, and external cause of morbidity codes, patient characteristics",1988-2019,"1 - 3 years, varies by data set","Not all 50 states participate. CA, WA, OR participate and provide data. Data available for purchase, DUA required. More info here:https://www.hcup-us.ahrq.gov/tech_assist/faq.jsp#obtaining", hcup@ahrq.gov,,"O'Dell et al, 2021",,,,,,,,,,,,,,,,,
Centers for Disease Control and Prevention (CDC),National Syndromic Surveillance System (NSSP) Biosense/ESSENCE,https://www.cdc.gov/nssp/overview.html https://amc.syndromicsurveillance.org/NSSP_AdminTool/login,Health Data Set,"Electronic health surveillance data integration platform. Patient encounter data received from ED, urgent and abulatory care centers, inpatient healthcare settings, and labs. Secure data system- must request access as data is not publicly available.",N/A,Based on Healthcare Facilities,"Chief Complaint, Diagnosis Discharge, EMR data from disaster medical assistance team (DMAT) operation sites",,within 24 hours of patient visit,Data access and user manual:https://www.cdc.gov/nssp/biosense/docs/BioSense-AMC-User-Manual.pdf,nssp@cdc.gov,,"Liu et al, 2015",,,,,,,,,,,,,,,,,
Centers for Disease Control and Prevention (CDC),WONDER,https://wonder.cdc.gov/,Health Data Set,"The Centers for Disease Control and Prevention Wide-ranging Online Data for Epidemiologic Research (CDC WONDER) is a web-based resource that provides state and county level vital statistic data for births, deaths, and infant mortality. ",County,,"Infant birth weight, pregnancy characteristics, mortality, cancer ",1995-2020,varies by dataset.,Data descriptions: https://wonder.cdc.gov/DataSets.html,cwus@cdc.gov,,"Liu et al, 2021; Neumann et al, 2021; O'Neill et al, 2021; Koman et al, 2019;",,,,,,,,,,,,,,,,,
Centers for Disease Control and Prevention (CDC),National Center for Health Statistics (NCHS) Vital Records - National Vital Statistics System (NVSS),https://www.cdc.gov/nchs/nvss/index.htm,Health Data Set,"Public use Birth, Period Linked Birth – Infant Death, Birth Cohort Linked Birth – Infant Death, Mortality Multiple Cause, and Fetal Death data files are available for independent research and analyses.",County,,"Maternal Behavior and Health Characteristics, Infant Health Characteristics, Medical and Public Services Utilization ",1968 - 2020,annual,datafiles can be downlaoded directly from the CDC: https://www.cdc.gov/nchs/data_access/vitalstatsonline.htm#Downloadable,,,,,,,,,,,,,,,,,,,,
Centers for Disease Control and Prevention (CDC),Environmental Health Tracking,https://ephtracking.cdc.gov/showHome,Health Data Set,"Brings together health and environmental data from national, state, and city sources. Includes an interactive online data explorer (can generate maps, tables charts) as well as several downloadable datasets on drought, solar radiation, and air pollution. Examples of health data include asthma, birth defects, cancer, COPD, developmental, heart disease, heat stress, reproductive and birth outcomes, hormone disorders, etc.",County ,,"Asthma, cancer, chronic obstructive pulmonary disease (COPD), developmental disabilities, lifestyle factors, reproductive and birth outcomes",2000-2017,varies by dataset.,Timeframes for data can vary from 1 year to 5-year periods, trackingsupport@cdc.gov,,"Koman et al, 2019",,,,,,,,,,,,,,,,,
Centers for Disease Control and Prevention (CDC),Web-based Injury Statistics Query and Reporting System (WISQARS),https://www.cdc.gov/injury/wisqars/index.html,Health Data Set,"CDC’s WISQARS™ is an interactive, online database that provides fatal and nonfatal injury, violent death, and cost of injury data. Researchers, the media, public health professionals, and the public can use WISQARS™ data to learn more about the public health and economic burden associated with unintentional and violence-related injury in the United States.",National,,Injury fire/burn,2000-2020,annually ~10-11 months after the end of each calendar year,"National level only, csv file avaiblable for download under reports: https://wisqars.cdc.gov/nonfatal-reports",,,,,,,,,,,,,,,,,,,,
Centers for Disease Control and Prevention (CDC),U.S. Cancer Statistics Public Use Databases,https://www.cdc.gov/cancer/uscs/public-use/index.htm,Health Data Set,"De-identified cancer incidence data reported to CDC’s National Program of Cancer Registries (NPCR) and the National Cancer Institute’s (NCI’s) Surveillance, Epidemiology, and End Results (SEER) Program are available to researchers for free in public use databases that can be analyzed using software developed by NCI’s SEER Program.

Cancer surveillance data from CDC and NCI are combined to become U.S. Cancer Statistics, the official source for federal cancer data. U.S. Cancer Statistics public use databases include cancer incidence and population data for all 50 states, the District of Columbia, and Puerto Rico, providing information on more than 33 million cancer cases.",Census Regions,"Northeast, Midwest, South West","Cancer incidence (e.g., lung cancer, brain tumours, non-Hodgkin lymphoma, multiple myeloma, and leukaemia) using ICD-O codes, month of diagnosis",2005-2019,Released annually in June,Access described here: https://www.cdc.gov/cancer/uscs/public-use/obtain-data.htm    Account and Research Data Agreement needed, uscsdata@imsweb.com,,,,,,,,,,,,,,,,,,,
Centers for Disease Control and Prevention (CDC),National Hospital Care Survey (NHCS),https://www.cdc.gov/nchs/nhcs/index.htm,Health Data Set,"NHCS collects data on patient care in hospital-based settings to describe patterns of health care delivery and utilization in the United States. Settings include inpatient, emergency (EDs), and outpatient departments (OPDs). The survey will provide hospital utilization statistics for the Nation. In addition, NHCS will also be able to monitor national trends in substance use-related ED visits including opioid visits. Researchers can link these survey data to outside data sources such as the National Death Index (NDI) to obtain a more complete picture of patient care.",N/A,Based on Healthcare Facilities,"Demographics, diagnoses (ICD-10 codes), procedures, laboratory tests, and medications",2013-2021,annually,"NHCS collects patient-level identifiers that allow a patient’s episodes of care to be linked between hospital inpatient and outpatient settings, as well as to outside databases such as the National Death Index, providing a more complete picture of patient care. These are restricted data, and restricted-use data must be accessed at a secure lab in the RDC Network. The RDC Network includes NCHS RDCs and Federal Statistical RDCs (FSRDC). https://www.cdc.gov/rdc/b2accessmod/acs200.htm","chimesk1@westat.com
",,,,,,,,,,,,,,,,,,,
Centers for Disease Control and Prevention (CDC),National Death Index (NDI),https://www.cdc.gov/nchs/ndi/index.htm,Health Data Set,"Containing over 100 million death records, the National Death Index (NDI) can help you find out who in your study has died by linking your own research datasets to death certificate information for your study subjects.",State,May Reqest Additional Access ,ICD-10 Codes,1979-2021,annually (approx 11 months after end of calendar year),"The purpose of the NDI is to provide the public health and medical research community with an opportunity to obtain mortality follow-up information on their study participants, without having to go from jurisdiction to jurisdiction. The NDI assists investigators in determining whether persons in their studies have died and, if so, provides:

Names of the states in which those deaths occurred
Dates of death
Corresponding death certificate numbers
Cause(s) of death, if using the NDI Plus service","ndi@cdc.gov (include name, address, and phone number); (301) 458-4444 - application steps: https://www.cdc.gov/nchs/ndi/portal.htm",,,,,,,,,,,,,,,,,,,
Centers for Disease Control and Prevention (CDC),National Vital Statistics System Mortality Files on Drug overdose deaths (NVSS-M-DO),https://www.cdc.gov/nchs/nvss/drug-overdose-deaths.htm,Health Data Set,"The National Vital Statistics System collects and shares critical information on deaths from drug overdoses, such as what substances were used and where deaths are happening in America. Our systems receive and analyze data from death certificates, including cause-of-death information reported by medical examiners and coroners. Because drug overdose deaths often require lengthy investigations, data are updated as new information is received.

Information about which drugs were involved in a death comes from the literal text description of the cause of death, which is written on the death certificate by the medical certifier. The cause-of-death literal text is coded to ICD-10 codes for reporting or can be analyzed directly. Drug overdose deaths involving multiple drugs may be included in more than one category in our reporting",States,Data is Reported at State Level,"ICD-10 underlying cause of death, specific substances mentioned in report, non-specific substances mentioned in report",1999-2022,"varies by dataset - monthly, annually",Latest data reports downloadable here: https://www.cdc.gov/nchs/nvss/drug-overdose-deaths.htm#find-our-data,,,,,,,,,,,,,,,,,,,,
Centers for Disease Control and Prevention (CDC),Linked National Hospital Care Survey (NCHS) and National Death Index (NDI) Mortality Data,https://www.cdc.gov/nchs/data-linkage/nhcs-ndi.htm,Health Data Set,"Through its data linkage program, NCHS has been able to expand the analytic utility of the data collected from National Hospital Care Survey (NHCS) by augmenting it with mortality data from the National Death Index (NDI). Linkage of NHCS data with the NDI mortality data provides the opportunity to conduct a vast array of outcome studies designed to investigate the association of a wide variety of health factors with mortality.",,,Day/month/year of birth; day/month/year of death; ICD-10 underlying cause of death; other conditions/comborbidities,2014-2017,"two sets available, not clear if any updated linked files to become available; individual sets are annual files",only available through the NCHS RDC Network https://www.cdc.gov/rdc/index.htm,,,,,,,,,,,,,,,,,,,,
Centers for Disease Control and Prevention (CDC),Linked NHCS and CMS Medicare Master Beneficiary Summary File (MBSF) Data and Linked NHCS and CMS Medicare MBSF Claims/Encounters and Assessment Data,https://www.cdc.gov/nchs/data-linkage/CMS-Medicare-Restricted.htm,Health Data Set,"Through its data linkage program, NCHS has been able to expand the analytic utility of the data collected from the National Hospital Care Survey (NHCS) by augmenting it with administrative data from the Centers for Medicare & Medicaid Services’ (CMS) Medicare program. Linkage of NHCS data with the CMS Medicare Data provides the opportunity to conduct a vast array of studies on health care utilization and expenditures among the elderly U.S. population and persons receiving Medicare disability benefits.

Medicare enrollment and claims/encounters data are available for patient records in the NHCS for which NCHS was able to match with Medicare administrative records. CMS provided NCHS with Medicare enrollment and health care claims/encounters data for all successfully matched patient records.",N/A,Based on Healthcare Facilities,"Patient ambulatory care and inpatient visits - detailed info about hospital characteristics, patients' characteristics, and treatment, includes PII. CMS data includes beneficiary demographic characteristics, reasonf or Medicare entitlement, and program enrollment type - allows for analyses combining comorbidities and utilization of non-inpatient related health care services. ",2014-2017,"two linked sets available, not clear if any updated linked files to become available; individual sets are annual files",Data files can be linked across the different administrative data sources. Only available through the NCHS RDC Network https://www.cdc.gov/rdc/index.htm,,,,,,,,,,,,,,,,,,,,
Centers for Disease Control and Prevention (CDC),NHCS and NDI linked with the National Vital Statistics System mortality files on drug overdose deaths (NVSS-M-DO) file,https://www.cdc.gov/nchs/data/nhcs/opioid_health_outcomes.pdf,Health Data Set,"The dataset includes the following: 1) Merged 2014 NHCS/NDI/NVSS-M-DO, and 2) Merged 2016 NHCS/NDI/NVSS-M-DO. Analysis of this data set will result in a report exploring characteristics of individuals who have opioid-related events, patterns of hospital use in months prior to death, and comparison of patients and services.",N/A,Data Tracked is Not Ongoing,"Patient demographics, care setting, expected source of payment, diagnoses, procedures, beginning/ending service date, length of stay, discharge status, death in hospital, hospital demographics, underlying cause of death, multiple causes of death, date of birth/death, specific substances, drug classes, non-specific substances",2014-2015,"one linked set available, not clear if any updated linked files to become available; individual sets are annual files",only available through the NCHS RDC Network ,,,,,,,,,,,,,,,,,,,,
Centers for Medicare & Medicaid Services (CMS) ,Medicare and Medicaid Claims,https://resdac.org/,Health Data Set,"Patient zip-code level data available in the following datasets: Skilled Nursing Facility (encounter), Outpatient (encounter), Inpatient (encounter), home health agency (encounter), and DME (encounter) - datasets also include info such as diagnostic codes, discharge status, and other patient demographics. Files must be requested d/t idenfiable information (some publicly available datasets but don't have the level of detail that would be needed - typically reported as annual frequencies, not at county level)",County,ZCTA Also Available,"diagnostic codes, discharge status, patient demographics",2015-Present,"varies, annual with 2 year data lag","free public use files contain aggregate level data only available in 0-2 weeks (no cost); limited data sets include de-identified individual-level data, available 2-3 weeks (cost to obtain) and research identifiable sets include individual level data, available 3 - 5 months (higher cost to obtain)",https://resdac.org/research-identifiable-files-rif-requests,,"Liu et al, 2017a",,,,,,,,,,,,,,,,,
Environmental Protection Agency (EPA),BenMAP-Community Edition,https://www.epa.gov/benmap/benmap-community-edition,Health Data Set,"Open-source computer program that calculates the number and economic value of air pollution-related (PM2.5 and O3) deaths and illnesses. Incorporates a database that includes many concentration-response relationships, population files, and health and economic data to quality impacts. Can also add in EPA Air Quality System data to be used along with BenMAP application.",County,,"Modeling includes baseline rates. The Institute for Health Metrics and Evaluation-developed baseline death rates (year 2013) for 4 mortality endpoints (COPD, cerebrovascular disease, ischemic heart disease, and lung cancer) stratified by age and sex.",Current,not noted online,Available for download online: https://www.epa.gov/benmap/benmap-downloads  Includes a quick start guide,,,"Cleland et al, 2021; Neumann et al, 2021; Fann et al, 2018",,,,,,,,,,,,,,,,,
Health and Human Services (HHS),Substance Abuse and Mental Health Services Administration (SAMHSA) Mental Health Client-Level Data (MH-CLD),https://www.samhsa.gov/data/data-we-collect/mh-cld-mental-health-client-level-data,Health Data Set,"MH-CLH and the Mental Health Treatment Episode Data Set (MH-TEDS) provide information on mental health diagnoses and the mental health treatment services, outcomes, and demographic and substance use characteristics of individuals in mental health treatment facilities that report to individual state administrative data systems.",States,,"ICD-10 codes (e.g., asthma, cardiovascular, pregnancy and birth outcomes etc.)",2014-2019,annual,Prospective researchers must submit an RDC application —including a research proposal— that will be reviewed by the SAMHSA RDC team. Applications are accepted continuously and reviewed every week.,RDCA@samhsa.hhs.gov,,,,,,,,,,,,,,,,,,,
Indian Health Service,National Patient Information Reporting System (NPIRS),https://www.ihs.gov/npirs/,Health Data Set,"NPIRS is a database of financial, environmental, engineering, administrative and clinical healthcare information gathered from direct IHS, Tribal and Urban healthcare sites & regional administrative offices throughout the Indian Health systems. Data from over 500 healthcare sites and 12 regional offices in 35 states.",,,"Injury, clinical services",2006-Present,Annually,"Data Access Info: https://www.ihs.gov/npirs/retrieving-data/; Indirect Access – infrequent and recurring routine needs can be requested from the OIT Helpdesk at itsupport@ihs.gov; Direct Access – more frequent, highly variable needs can be addressed through the NPIRS Investment Manager.",itsupport@ihs.gov,,,,,,,,,,,,,,,,,,,
California Health & Human Services Agency (CHHS),CHHS Open Data,https://data.chhs.ca.gov/dataset?page=1,Health Data Set,"439 clinical and administrative datasets available for the state of CA (includes patient discharge data, ED encounters, inpatient characteristics, asthma rates, infectious disease etc.).",County ,California Only ; ZCTA also Available,"varies by dataset (e.g., ICD-10 codes, number of ED vists for asthma, confirmed coccidioidomycosis (valley fever) cases, birthweight etc.)",2014-Present,Typically annual but varies by dataset,"all data are open access and available for download, GeoHub hosts featured datasets",https://data.chhs.ca.gov/dataset,,"Aguilera et al, 2020; Aguilera, 2021; Delfino et al, 2009",,,,,,,,,,,,,,,,,
California Dept of Public Health,Vital Records,https://www.cdph.ca.gov/Programs/CHSI/Pages/Data-and-Statistics-.aspx,Health Data Set,"The birth files include all state registered births, and births to California residents that occurred out-of-state. These files contain detailed demographic information related to the child, mother, and father, as well as medical data related to the birth.  CPHS and VSAC approvals are required to obtain the confidential data fields. The death files are available with in-state California deaths only, a combination of in-state deaths and deaths of California residents that occurred in other states or jurisdictions, or out-of-state deaths only.  CPHS and the VSAC approvals may be required to obtain the death files. In addition, Public Use and Anti-Fraud data files are available.",County,California Only ; Data Available Varies Based on Requested Report,"demographic and medical data related to birth, place of birth; death records include birth/death info, demographics, place and cause of death, includes variable indicating whether death was disaster-related",1970-Present,"varies by dataset (most annually, a few are weekly)",data dictionaries and applications: https://www.cdph.ca.gov/Programs/CHSI/Pages/Data-Applications.aspx,HIRS@cdph.ca.gov,,,,,,,,,,,,,,,,,,,
California Dept of Public Health,California Cancer Registry,https://www.cdph.ca.gov/Programs/CCDPHP/DCDIC/CDSRB/Pages/California-Cancer-Registry.aspx,Health Data Set,The California Cancer Registry (CCR) is California's statewide population-based cancer surveillance system. The CCR collects information about all cancers diagnosed in California (except basal and squamous cell carcinoma of the skin and carcinoma in situ of the cervix). ,Census Tracts ,,"ICD-O codes (e.g., lung cancer, brain tumours, non-Hodgkin lymphoma, multiple myeloma, leukaemia etc.)",1988 - 2019,annually,"data dictionary: https://www.ccrcal.org/download/82/site-pdf-links/7899/california-cancer-registry-research-data-dictionary-march-2020_v1-1.pdf; Access requirements include application, IRB approval and variable list",https://www.ccrcal.org/retrieve-data/data-for-researchers/how-to-request-ccr-data/,,,,,,,,,,,,,,,,,,,
Oregon Health Agency,Oregon State Cancer Registry (OSCaR),https://www.oregon.gov/oha/ph/diseasesconditions/chronicdisease/cancer/oscar/pages/index.aspx,Health Data Set,"The Oregon State Cancer Registry (OSCaR) was established in August 1995, after the Oregon Legislature unanimously passed legislation making cancer a reportable disease. OSCaR is a statewide, population-based registry that collects and analyzes information about cancer cases occurring in Oregon. The mission of the Oregon State Cancer Registry is to collect complete, quality cancer data that supports cancer research and public health practices designed to improve efforts in the screening, treatment and survivorship of all people in Oregon affected by cancer.",State,Oregon Only ; Also Filterable By County ,"ICD-10-CM ( (e.g., lung cancer, brain tumours, non-Hodgkin lymphoma, multiple myeloma, leukaemia etc.)",1995 - 2019,annual ,Application required for data access: https://www.oregon.gov/oha/PH/DISEASESCONDITIONS/CHRONICDISEASE/CANCER/OSCAR/Pages/research.aspx,oscar.ohd@dhsoha.state.or.us,,,,,,,,,,,,,,,,,,,
Washington State Department of Health,Data and Statistical Reports,https://doh.wa.gov/data-and-statistical-reports,Health Data Set,"Data and reports on a variety of health topics including cancer, infectious diseases, environmental health, health behavior, vital statistics, hospital data, injury and poisoning, material and child health.",County ,Washington Only,"demographics, birth  and death records, cancer diagnosis, injury data",,"varies by data set, most annual","Access varies, some datasets have costs to obtain and require data sharing agreements (DSA)",,,,,,,,,,,,,,,,,,,,
Washington State Department of Health,Washington Tracking Network,https://doh.wa.gov/data-statistical-reports/washington-tracking-network-wtn,Health Data Set,"Washington State Department of Health program focused on making public health data more accessible. Data are available for download and exploration using five tools (dashboards, data portal, information by location, community reports). Topic areas: health outcomes and surveillance, demographics and community characteristics, climate change and the environment.",Census Tracts ,,"WA DPH data including BRFS, cancer incidence, birth outcomes etc.",2009-2022,"varies by dataset , some annual",available through the online data portal,DOH.WTN@doh.wa.gov,,,,,,,,,,,,,,,,,,,
Washington State Health Care Authority,Washington State All Payer Claims Database (WA-APCD),https://www.hca.wa.gov/about-hca/washington-state-all-payer-claims-database-wa-apcd,Health Data Set,"The Washington State All Payer Claims Database (WA-APCD) is a tool used to collect health care claims data for reporting, analytics, and to help the public make their health care decisions. It supports health care and payment reform while addressing the need for cost, quality, and utilization transparency. Using the WA-APCD, Washington State can help to advance medicine and public health",States,Washington Only,"ICD-10 and CPT codes (e.g., asthma, cardiovascular,pregnancy and birth outcomes etc.)",2014-Present,annual,Data access for federal agencies described here: https://www.ofm.wa.gov/sites/default/files/public/dataresearch/healthcare/APCD/data_access_under_chapter_43.371_RCW_201707.pdf,apcd@hca.wa.gov,,,,,,,,,,,,,,,,,,,
N/A,Kaiser Permanente (KP) Research Bank,https://researchbank.kaiserpermanente.org/our-research/for-researchers/,Health Data Set,"The Kaiser Permanente (KP) Research Bank is the second largest biobank in the US. It provides an exceptional opportunity to enable research studies related to the prevention, diagnosis and treatment of disease. KP makes this core resource—including de-identified medical record information, a health survey and biospecimens—available to scientists who apply to use the information for genetic, epidemiological, and other scientific research.",N/A ; Data is Broken Up into Cohorts,Data is Broken Up into Cohorts,"EMR data, pregnacny cohort, cancer cohort",2010-2020,varies by data ,Research application process required: https://researchbank.kaiserpermanente.org/wp-content/uploads/2022/06/KPRB-Access-and-Data-Provision-User-Guide.pdf,ResearchBankAccess@kp.org,,"Dohrenwend et al, 2013",,,,,,,,,,,,,,,,,
N/A,IQVIA Real World Datasets,https://www.iqvia.com/solutions/real-world-evidence/real-world-data-and-insights,Health Data Set,"IQVIA proprietary datasets include: Electronic Medical Records (EMR), Longitudinal Prescription (LRx), Claims data, Hospital Data, Genomic Data, Oncology Data, and Biomedical Global data.",,,"EMR data, prescritpions, and claims ",varies by dataset,"varies by dataset; EMR data are collected daily, consolidated monthly",proprietary datasets ,https://www.iqvia.com/solutions/real-world-evidence/real-world-data-and-insights,,,,,,,,,,,,,,,,,,,
IBM,IBM MarketScan,https://marketscan.truvenhealth.com/marketscanportal/,Health Data Set,"A proprietary softward used to conduct healthcare research. Additionally, IBM Marketscan allows the user to interact with cloud-based tools for visual patient analytics and allows for access to the MarketScan Research Data.",,,N/A,N/A,N/A,,,,,,,,,,,,,,,,,,,,,
Optum,Optum Claims Data,https://www.optum.com/business/solutions/life-sciences/real-world-data/claims-data.html,Health Data Set,Integrating and linking deep patient data from multiple real-world sources to clarify and allow for clinical decision making. ,N/A,,N/A,N/A,N/A,,,,,,,,,,,,,,,,,,,,,
NIH,Environmental influences on Child Health Outcomes (ECHO) Program,https://www.nih.gov/echo,Miscellaneous,"In 2016 NIH launched a seven-year initiative called the Environmental influences on Child Health Outcomes (ECHO) Program. ECHO capitalizes on existing participant populations and supports approaches that can evolve with the science and take advantage of the growing number of clinical research networks and technological advances.The ECHO Program has two major components, the ECHO cohorts — for observational research, and the ECHO IDeA States Pediatric Clinical Trials Network (ISPCTN) — for intervention research. The cohorts share standardized core data elements managed by a central coordinating center and an associated data analysis center. Although each cohort is unique, the collection of data in a similar way ensures that all information can be combined and used by researchers. The core elements addressed across all studies are: demographics, typical early health and development,  genetic influences on early childhood health and development, environmental factors, patient/Person (parent and child) Reported Outcomes (PROs). The ECHO cohorts capitalize on existing participant populations that include children from diverse background across the United States, and support approaches that can evolve with the science and take advantage of technological advances. As of May 2022, the cohorts have data from over 100,000 participants, which includes over 61,000 children.",National,,varies by cohort,Program structure: https://echochildren.org/program-structure-at-a-glance/,,,,,,,,,,,,,,,,,,,,,,
EPA,Smoke Sense Study: A Citizen Science Project Using a Mobile App,https://www.epa.gov/air-research/smoke-sense-study-citizen-science-project-using-mobile-app,Miscellaneous,"Smoke Sense is a crowdsourcing, citizen science research project developed by EPA researchers focused on increasing public awareness and engagement related to wildfire smoke health risks. Specifically, EPA wants to understand the extent that exposure to wildland fire smoke affects health and productivity, discover what steps people are willing to take to reduce their exposure, and develop health risk communication strategies that improve public health when there is wildfire smoke. ",ZCTA,Majority of Users in Western US,"ongoing, began in 2017",,,,brown.ann@epa.gov,,,,,,,,,,,,,,,,,,,
NREL,Geospatial Data Science Applications and Visualizations,https://maps.nrel.gov/,Miscellaneous,"The Geospatial Data Science (GDS) group in NREL’s Strategic Energy Analysis Center leads modeling and visualization research at the intersection of renewable energy deployment, geospatial technologies, big data science, and application development.",N/A ; Depedant on Resource Used,Dependant on Resource Used,"Wind, Solar, Biofuels",Current Data,,,https://www.nrel.gov/webmaster.html,,,,,,,,,,,,,,,,,,,
Sonoma  County,Sonoma County Land Use Map,https://sonomacounty.maps.arcgis.com/apps/webappviewer/index.html?id=06ac7fe1b8554171b4682dc141293962,Miscellaneous,"This map provides information about land use in the unincorporate area of Sonoma County including zoning, zoning overly, land use, land development and density. The map is updated based on Sonoma Counties General Plan. ",N/A ; Zones,Data Based on Zoning,Land Use,2020,Dependent on County,,N/A,,,,,,,,,,,,,,,,,,,
USDA,Web Soil Survey,https://websoilsurvey.sc.egov.usda.gov/App/HomePage.htm,Miscellaneous,Web Soil Survey (WSS) provides soil data and information produced by the National Cooperative Soil Survey. It is operated by the USDA Natural Resources Conservation Service (NRCS) and provides access to the largest natural resource information system in the world. NRCS has soil maps and data available online for more than 95 percent of the nation’s counties and anticipates having 100 percent in the near future. The site is updated and maintained online as the single authoritative source of soil survey information.,County,,Soil quality,,Annually,,https://www.nrcs.usda.gov/wps/portal/nrcs/detail/soils/contactus/?cid=nrcs142p2_053951,,,,,,,,,,,,,,,,,,,
N/A,Google Trends,https://trends.google.com/trends/?geo=US,Miscellaneous,Used as a proxy for health outcomes/exposure. Publicy available data that can be used to analyze location-specific variation in search query behavior,States ; Looks at Trends at State Level,State Level Trends,search term popularity; behavior; future purchasing (of protective equipment),Current Data,Weekly,,,,"Burke et al, 2022",,,,,,,,,,,,,,,,,
N/A,Twitter,https://developer.twitter.com/en/developer-terms/agreement,Miscellaneous,Used as proxy for health outcomes/exposure. Geolocated tweets can be downloaded using Twitter's API,N/A,Exact Coordinates Available,sentiment; behavior,Current Data,Unspecified (assumed near-real-time),,,,"Burke et al, 2022",,,,,,,,,,,,,,,,,
N/A,SafeGraph,https://www.safegraph.com/,Miscellaneous,"Used as proxy for health outcome. These data measure the aggregate activity of anonymized device signals, or ‘pings’, at the census block group level. Signals are collected from smartphones, not all cell phones. ",Blocks,,"mobility, migration",Current Data,Datasets updated Monthly,,,,"Burke et al, 2022",,,,,,,,,,,,,,,,,
N/A,Lumosity,https://www.lumosity.com/hcp/research/about,Miscellaneous,"Lumosity hosts a variety of cognitive training ""games"" from which data is available upon request. Researchers used data to assess cogntive impacts of wildfire.",N/A ,,"cognitive performance, attention score",Unspecified,Unspecified,,,,"Cleland et al, 2022",,,,,,,,,,,,,,,,,
CAL Fire,Incident maps,https://www.fire.ca.gov/incidents/,Fire Related Data Set,"Reports of wildfire incidents, acreage burned, and location
- No info about pre- and post-wildfire water bodies 

Emergency Proclamation on Wildlife Risk (Mar 22, 2019)
- Identified 35 priority projects to reduce public safety risks for over 200 of California’s most wildlife-vulnerable communities (vegetation removal) ",County,,,2013-Present,Real Time as Wildfires Occur,,,,,,,,,,,,,,,,,,,,,
USGS,LANDFIRE,https://landfire.gov/,Fire Related Data Set,"Landscape scale geo-spatial products to support cross-boundary planning, management, and operations 
- Real-time tool discerning highest wildfire risks  ",N/A ,Scale is Dependant on Resource Used,"Topographic maps for fuel, vegetation, fire regime, and seasonal",2016-2022,,"Collaborated with US Forest Service on Burned Area Emergency Response (BAER)
- BAER: Within 7 days of fire containment, the BAER Imagery Support Program provides satellite images, burn area severity classifications, and other critical data to BAER teams. One of the team's first tasks in the field is to create a soil burn severity map using BARC data provided by the BAER Imagery Support Program.
- Burned Area Reflectance Classifications (BARC): post-fire vegetation conditions (4 classes) by US Forest Services 

Earth Resources Observation and Science (EROS) Center ",,,,,,,,,,,,,,,,,,,,
USGS,Monitoring Trends in Burn Severity (MTBS),https://www.mtbs.gov/,Fire Related Data Set,MTBS (with Landsat from NASA): interagency program mapping the burn severity and extent of large fires,County,,"Fire name, acreage, ignition date, fire type, fire ID ",1984-2020,Annually but lags 1-2 years behind,https://mtbs.gov/sites/default/files/inline-files/Eidenshink-final.pdf,,,,,,,,,,,,,,,,,,,,
USGS,Emergency Assessment of Post-Fire Debris-Flow Hazards,https://landslides.usgs.gov/hazards/postfire_debrisflow/,Fire Related Data Set,"Characterized by basin morphometry, burn severity, soil properties, rainfall characteristics to estimate the probability and volume of debris flows",State,,"Date of origin, location, acreage, segmented probability ",2013 - Present,Annually or quicker. Dependent on Landslide events occuring,"Shapefiles and geodatabase information for each fire
Do not predict downstream impacts, potential debris-flow runout paths, and the area extent of debris-flow or flood inundation",,,,,,,,,,,,,,,,,,,,
Colorado State University,Gridded Surface Smoke and Non-Smoke PM2.5,"https://dx.doi.org/10.25675/10217/193258, https://doi.org/10.25675/10217/208602",Fire Related Data Set,"Looks at wildfire smoke epidemiology, health-impact assessments, economics, etc. Data collected from 2006-2018 but 2019-2020 data will be posted soon",,,"Looks at wildfire smoke epidemiology, health-impact assessments, economics, etc.",,Retrospective,,Jeffrey Pierce (jeffrey.pierce@colostate.edu) ; Bonne Ford (bonne.ford@colostate.edu),,,,,,,,,,,,,,,,,,,
DOC/NOAA/NWS,National Digital Forecast Database,https://digital.weather.gov/,Fire Related Data Set,Official NWS gridded forecast data for all elements. Data is measured hourly up to 7 day forecast,County,,,,Future Forecast Data,,webmaster.mdl@noaa.gov,,,,,,,,,,,,,,,,,,,
DOC/NOAA/NWS,National Weather Service Spot Forecast,https://www.weather.gov/spot/,Fire Related Data Set,Site specific NWS spot forecast requests for wildfires or prescribed burns which provides a 48 hour forecast,N/A,Measurements Occur as Requested,"Spot weather forecasts (forecasts issued to fit time, topography and weather of specific incidents)",Current,"Future Forecast Data, and monitoring",,virgil.middendorf@noaa.gov,,,,,,,,,,,,,,,,,,,
DOC/NOAA/NWS,NOAA Operational Model Archive and Distribution System (NOMADS),https://nomads.ncep.noaa.gov/,Fire Related Data Set,Meant to provide access to all NWS available model data. Forecasts range from hourly to weeks,N/A,Dependant on Resource Used,Weather forecasting data,2016-Present ,Ranges from hourly to daily,,ncep.pmb.dataflow@noaa.gov,,,,,,,,,,,,,,,,,,,
DOC/NOAA,Meteorological Assimilation Data System (MADIS),https://madis-data.ncep.noaa.gov/madis_api.shtml,Fire Related Data Set,Assimilation of historical observing systems. Data collection depends on the data element and source,N/A,Dependant on Weather Station Chosen,,Historical,,,ncep.list.madis_support@noaa.gov,,,,,,,,,,,,,,,,,,,
NOAA/OAR/CSL,Wildfire Emission Factors,https://csl.noaa.gov/projects/firex/firelab/,Fire Related Data Set,Quantify wildfire emissions of air pollutants. Data has been collected during field-intensive study periods (Summer 2019) and laboratory measurements (2016),,,Air pollutants/quality,2016,Not,,Brian McDonald (brian.mcdonald@noaa.gov),,,,,,,,,,,,,,,,,,,
NOAA/OAR,Wildfire Air Quality Impacts,https://rapidrefresh.noaa.gov/RAPchem/,Fire Related Data Set,Forecast and predict air quality impacts from wildfire smoke. Data has been collected since 2020,State,,Air quality prediction,2020 - Present,Hourly,,Brian McDonald (brian.mcdonald@noaa.gov),,,,,,,,,,,,,,,,,,,
NOAA/NASA,"Satellite in HMS: G16/17, VIIRS NOAA20/JPSS, MODIS/Terra",https://www.avl.class.noaa.gov/saa/products/catSearch,Fire Related Data Set,To detect active fire pixels and the extent of smoke plumes. Data collected is based on Mission,N/A,Global Outlook,"smoke plumes, cloud cover, haze, sea surface heights, GOES satellite measurements",2011 - Present ,Real Time and Archival,,Wilfrid Schroeder,,,,,,,,,,,,,,,,,,,
NOAA,VIIRS I-band Active Fire Visual Display,https://re.ssec.wisc.edu/s/R22xwP,Fire Related Data Set,"Active fire detection and characterization for detection, monitoring and source for emission modeling. Data collected covers the previous 10 hours. ",County,,Fire radiative power,Current,Real Time (<30 minutes). ,,Mike Pavolonis (michael.pavolonis@noaa.gov),ftp://refireflood.ssec.wisc.edu/ ;  ftp://ftp.star.nesdis.noaa.gov/pub/smcd/emb/fire/VIIRS/VIIRS_375m_SNPP ; ftp://ftp.star.nesdis.noaa.gov/pub/smcd/emb/fire/VIIRS/VIIRS_375m_NOAA20 ,,,,,,,,,,,,,,,,,,
NOAA,Global Biomass Burning Emissions Product eXtended (GBBEPx),https://www.ospo.noaa.gov/Products/land/gbbepx/,Fire Related Data Set,GBBEPx serves as input to the NWS global and regional operational air quality forecasting models. Data collected covers from 2012 to present. ,N/A,Global Outlook,"Air Quality (PM2.5, emissions, GBBEP, biomass burning)",Current,Near Real Time (Once a Day),,Shobha Kondragunta (shobha.kondragunta@noaa.gov),,,,,,,,,,,,,,,,,,,
NOAA,HourlySurface PM2.5,https://www.star.nesdis.noaa.gov/smcd/spb/aq/AerosolWatch/,Fire Related Data Set,EPA plans to ingest the near real time surface PM2.5 estimates into its AirNow system. Data has been collected since 2021. ,N/A,Global Outlook,"Air Quality (PM2.5, emissions, cloud cover), Satellite Imagery, Wildfires",Current,Data looked at hourly (CONUS). This data can be customized,,Shobha Kondragunta (shobha.kondragunta@noaa.gov),ftp://ftp.star.nesdis.noaa.gov/pub/smcd/hzhang/GOES-16/NRT/CONUS/pm25gwr/ ,,,,,,,,,,,,,,,,,,
NOAA,Aerosol Watch,https://www.star.nesdis.noaa.gov/smcd/spb/aq/AerosolWatch/traject.php?product_date=20190919,Fire Related Data Set,The data is provided to the NWS for model verification. The data is also provided to the public in near real time via AerosolWatch website. ,State,,Air/wind patterns and currents,48 Hrs,Data looked at daily in 10 minute increments. Data can be customized as needed. ,,Shobha Kondragunta (shobha.kondragunta@noaa.gov),,,,,,,,,,,,,,,,,,,
NOAA,GOES-R Fire Alerts,https://cimss.ssec.wisc.edu/volcat-wildfires/event-dashboard/,Fire Related Data Set,Rapid detection of new fire events. Data has been collected since 2017. ,County,,Thermal anomaly detection,Current ,Nearly continuous (Every 1 or 5 minutes),,Michael Pavolonis (michael.pavolonis@noaa.gov),,,,,,,,,,,,,,,,,,,
NOAA,Hazard Mapping System (HMS),https://www.ospo.noaa.gov/Products/land/hms.html#maps,Fire Related Data Set,Interactive map of active fires and smoke. The fire and smoke detections are quality controlled by operational analysts. Data has been collected from 2003 to Present. ,State,,,,"At least once per day. The underlying data displayed in the Hazard Mapping System are available in shapefile, KML, and text formats. ",,Davida Streett (davida.streett@noaa.gov),,,,,,,,,,,,,,,,,,,
"EPA, USFS",Fire and Smoke Map,https://fire.airnow.gov/,Fire Related Data Set,Interactive map of air quality index (AQI) from regulatory-grade & low-cost air sensors and fire locations; hourly data,County,,"Air Quality, smoke plumes, wildfire presence, terrain maps",Current Data,Real Time; Nearly Continuous Updates,,,,,,,,,,,,,,,,,,,,,
"USDA, Forest Service","ArcGIS layer, linked here",https://www.arcgis.com/home/webmap/viewer.html?url=https%3A%2F%2Fapps.fs.usda.gov%2Farcx%2Frest%2Fservices%2FEDW%2FEDW_WUI_2010_01%2FMapServer&source=sd,Fire Related Data Set,"Wildland Urban Interface, where houses/structures meet or interface with undeveloped vegetation, concern is fires burning here might emit more toxic mixtures than wildland fires. ",State,,"Wildland Urban Interface (WUI) locations, topography",2010,Not Updated,"These data were collected using funding from the U.S. Government and can be used without additional permissions or fees. If you use these data in a publication, presentation, or other research product please use the following citation: Radeloff, Volker C.; Helmers, David P.; Kramer, H. Anu; Mockrin, Miranda H.; Alexandre, Patricia M.; Bar Massada, Avi; Butsic, Van; Hawbaker, Todd J.; Martinuzzi, Sebastian; Syphard, Alexandra D.; Stewart, Susan I. 2017. The 1990-2010 wildland-urban interface of the conterminous United States - geospatial data. 2nd Edition. Fort Collins, CO: Forest Service Research Data Archive. https://doi.org/10.2737/RDS-2015-0012-2",,,,,,,,,,,,,,,,,,,,
NASA,NASA FIRMS (fire detection from space),https://firms.modaps.eosdis.nasa.gov/,Fire Related Data Set,"fire detection from 4 satellites (Terra, Aqua, NPP, NOAA20)",County,,Fire location and intensity (fire radiative power),2000 - Present,Near Real Time; Continuous updates,,,,,,,,,,,,,,,,,,,,,
NASA,NASA worldview ,https://worldview.earthdata.nasa.gov/,Fire Related Data Set,"Satellite obs. (UV, Vis, IR imageries), CO, smoke, fire detection",N/A ; Global Outlook,Global Outlook,"Smoke expension, smoke optical properties, atmospheric indicators",2000 (?) - Present,Near Real Time; Continuous updates,Data available is dependent on layer and date. Some layers do not provide much historical data,,,,,,,,,,,,,,,,,,,,
NASA,NASA Disaster portal,https://disasters-nasa.hub.arcgis.com/,Fire Related Data Set,"An interface for latest near real-time and disaster specific data products in Geographic Information Systems (GIS) format. The Disasters Mapping Portal supports NASA’s Earth Applied Sciences Disasters program area in its mission to use Earth-observing data and applied research to improve the prediction of, preparation for, response to and recovery from hazards and disasters around the world.",N/A ,Dependant on Resource Used,"Fire location, Air quality, plume height, Aerosol optical Depth, Damage proxy maps, debris flows, hurricanes, volcano eruptions, disasters (general)",Wildfires from 2020 - Present. Other Data dependent on GIS layer,Continuous depending on data layer,,,https://appliedsciences.nasa.gov/join-mission/training/english/arset-satellite-observations-and-tools-fire-risk-detection-and,,,,,,,,,,,,,,,,,,
NASA,NASA LANCE ,https://earthdata.nasa.gov/earth-observation-data/near-real-time,Fire Related Data Set,"NASA's Land, Atmosphere Near real-time Capability for EOS (LANCE) provides near real-time data and imagery within 3 hours from satellite observation, including MODIS and VIIRS/Suomi NPP Active Fires near real-time data products.",N/A,Dependant on Resource Used,"Data sets in MODIS near real-time Thermal Anomalies/Fire products include fire-mask, algorithm quality assurance, radiative power and numerous layers describing fire pixel attributes.                                                                        Information in VIIRS/NPP near real-time Active Fires products include fire mask, fire pixel’s latitude and longitude, fire pixel’s I4 and I5 brightness temperatures (BT), background’s I4 and I5 BTs, background’s I4 and I5 BT mean absolute deviation, background’s I4-I5 BT difference mean absolute deviation, fire pixel’s M13 radiance, background’s M13 radiance, mean background I4-I5 BT difference, fire radiative power (FRP), number of adjacent cloud pixels, number of adjacent water pixels, background window size, detection confidence. ",Current Data; No historical information,3-5 Hour Increments,,,,,,,,,,,,,,,,,,,,,
NASA,Actionable Fire Science Information Hub,https://cec-ash-prof-services.hub.arcgis.com/,Fire Related Data Set,This collaborative portal aims to bring together data from various organizations to allow for informed decision making in the different phases of a wildfire which includes pre- active and post. ,,,N/A,N/A,N/A,,,,,,,,,,,,,,,,,,,,,
Cal FIRE,CalFIRE FRAP GIS Data,https://frap.fire.ca.gov/mapping/gis-data/,Fire Related Data Set,"This link includes a variety of CAL FIRE measurements that link to various GIS portals. These include vegetation maps, watershed maps, county boundaries, fire threat, fire severity, land ownership, erosion maps, and WUI interface maps. ",County ,,"Vegetation, watershed, fire characteristics, erosion, WUI",Dependent on Data Desired,N/A,,frapwebmaster@fire.ca.gov,,,,,,,,,,,,,,,,,,,
Purple Air,Purple Air,https://www2.purpleair.com/,Fire Related Data Set,PurpleAir utilizes sensors to collect local air quality data and provide a sharing platform with public users. ,States,Data Measured by Location of Air Quality Sensors,Air Quality (Indoor and Outdoor),Real-Time,Continuous,,https://www2.purpleair.com/pages/contact-us,,,,,,,,,,,,,,,,,,,
CARB,CARB Air Quality and Meteorological Information System,https://www.arb.ca.gov/aqmis2/aqmis2.php,Fire Related Data Set,"CARB AQMIS provides many measurements include ozone, air quality, meteorological, and greenhouse gas data with the capability to overlay these measurements onto google maps. ",County ,California Only,"Ozone, Air Quality, Meteorological, Greenhouse Gases",2012-Present,Daily,,https://www.arb.ca.gov/aqmis2/MainPgLinks/contacts.php,,,,,,,,,,,,,,,,,,,
Sonoma County,Sonoma Count Evacuation Zones,https://sonomacounty.maps.arcgis.com/apps/instant/lookup/index.html?appid=58500b81c61148279263bed52403c81a,Fire Related Data Set,"This GIS map provides evacuation zones within sonoma county and provides information about those evacuation zone including where to go, who is being evacuated, and the overall status of the zone. ",County ,Sonoma County Only,Evacuation zones,Current,Continuous,,,,,,,,,,,,,,,,,,,,,
NOAA,National Integrate Drought Information System,https://www.drought.gov/states/california,Fire Related Data Set,"The U.S. Drought Monitor (USDM) is updated each Thursday to show the location and intensity of drought across the country. This data is available for every state and county. The measurements are tracked using a 5 items scale raning from D0 , abnormally dry, to D4, Exceptional Drought. ",County,,"Drought conditions, precepitation levels",2000-Present,Weekly (Thursday),,https://www.drought.gov/contact-us,,,,,,,,,,,,,,,,,,,
USFS,InciWeb,https://inciweb.nwcg.gov/,Fire Related Data Set,"InciWeb is an interagency all-risk incident information management system. Provides current information about wildfires, prescribed burns, floods, hurricanes, and other incidents to the public, news media, and other interested parties. It is a soruce for incident and contact information, news releases, closure information, photos, maps and videos for incidents that occur on federal, state, tribal and local jurisdictions.",County,,"Fire location, cause, date of origin, coordinates, size, fuels, # of personnel, closures (includes post-fire information as well)",Current,Near-real time,"As of 8/19, there is data on fires from 5/31/22 to present",,,"Johnson and Garcia-Menendez, 2022",,,,,,,,,,,,,,,,,
N/A,OpenAQ,https://openaq.org/#/,Fire Related Data Set,"Open source air quality data from a range of reference monitors and low cost sensors. Includes data on the following pollutant types: PM10, PM2.5, sulfur dioxide (SO2), carbon monoxide (CO), nitrogen dioxide (NO2), ozone (O3), or black carbon (BC)",N/A,Global Outlook,Air Quality,Current,real-time,,,https://openaq.org/#/countries/US https://openaq.medium.com/where-does-openaq-data-come-from-a5cf9f3a5c85,"Sannigrahi et al, 2022",,,,,,,,,,,,,,,,,
EPA,EJSCREEN,https://www.epa.gov/ejscreen,Population  Related Data Set,Environmental justice screening and mapping tool,Census Blocks,,"Demographic (gender, race, language, education, employment)
 
Industrial & environmental (hazardous waste, wastewater quality, ozone)",Every Decade ; Dependant on Census Reports,Annually; Reflects ost recent census reports,"User-specific: capable of drawing regions of tailored research

Minor anthropogenetic activities in surrounding areas of Russian River

2020 Census data not included yet

No direct wildfire data

How does socioeconomic status of individuals/communities affect the recovery of post-wildfire drinking water quality? ",https://www.epa.gov/aboutepa/forms/contact-epa,,,,,,,,,,,,,,,,,,,
EPA,"Consumer confidence reports
(Office of Ground Water and Drinking Water)
",https://www.epa.gov/ccr,Population  Related Data Set,Annual drinking water quality report from water utilities,Census Blocks,Reports Dependant on Water Distributer Submissions,"Water system websites & contact info, client/population served

Drinking water sources and regulated contaminants

Potential health effects of any contaminant detected in violation with EPA

Educational info on nitrate, arsenic, or lead",Current,CCR Reports sent annually by July 1st,"Link to federal standards of drinking water (Clean Water Act), such as monitoring programs of contaminant/pollutant levels 

Reports neither indicative of wildfire impacts of water system maintenance and recovery process nor demarcate wildfire incidents

Best practices for preparing the language of CCRs available ",https://www.epa.gov/aboutepa/forms/contact-epa,,,,,,,,,,,,,,,,,,,
CDC,"National Environmental Public Health Tracking Network
",https://ephtracking.cdc.gov/,Population  Related Data Set,"Web-based system with components at the national, state, and local levels, houses environmental public health data used to inform public health actions (PHAs) to improve community health",Census Blocks,,"Data sources include, but not limited to, socioeconomic indices, public health, and climate change

Population (social vulnerability index, CDC's 500 Cities Project (2016-2019, replaced by PLACES Project in Dec 2020))

Environmental & hazards (climate change, community characteristics, toxic substance, children's environmental health) 

Health (asthma, cancer, pulmonary & heart diseases)",,Update regularly. Dependant on data reports from other agencies and states.,"Data Explorer application: comparison of two locations based on select criteria
-somewhat similar to EPA EJSCREEN

Real-time overlays applicable to wildfire smoke and current radar info to map views 

Pages have different updated timepoints (a lack of consistency in data cohesiveness)
- link to external sources and parameters

Representative estimates, not whole-population collection within the US and Puerto Rico (margin errors need to be considered) 

Some info about Sonoma County, CA (yr. 2019):
Population: 495,432
Average household income: $81,002 (compared to $75,250 in CA)
Poverty rate: 9.9%",https://wwwn.cdc.gov/dcs/contactus/form,,,,,,,,,,,,,,,,,,,
HRSA, Health Center Program Uniform Data System (UDS) ,https://data.hrsa.gov/tools/data-reporting ,Population  Related Data Set,"Explore aggregated UDS data on health center patient characteristics, services provided, clinical processes and health outcomes, patients' use of services, staffing, costs, and revenues",County,,"Patient characteristics (poverty level, insurance status, race & ethnicity, veterans, Medicare)

Clinical (prenatal care, diabetes, cancer) 

Health outcomes & disparities
Medical costs",2017-Present,Annually depending on report type requested,"Related data: https://data.hrsa.gov/related-sites

HRSA national investment and awardees by geography
https://data.hrsa.gov/geo
https://data.hrsa.gov/data/reports",https://www.hrsa.gov/about/contact/,,,,,,,,,,,,,,,,,,,
Sonoma County Dept. of Health Services,"2013 Community Health Needs Assessment
",https://sonomacounty.ca.gov/Health/Public-Reports/Health-Need-Assessments/Leading-Health-Indicators/,Population  Related Data Set,"Highlighting major health conditions or events that compromise the health and healthy development of children and contribute most prominently to illness and injury, disability and death for Sonoma County adults and children
-also sourced from CA Dept. of Public Services ",County,,"Leading health & mortality factors differed by age groups

The county significantly exceeds California averages for cancer, stoke, chronic lower respiratory disease, Alzheimer’s disease, unintentional injuries, suicide and chronic liver disease deaths.

i.e., 3 leading causes of mortality are cancer, unintentional injury, and diseases of the nervous system for children ages 1-12",2007-2010,Not updated beyond 2010,"Why is the community assessment discontinued?

http://sonomahealthaction.org/Home/ 

https://sonomacounty.ca.gov/Health-Services/

Identify health priorities including: 
healthy eating and physical fitness
access to substance use disorder services 
disparities in educational attainment",DHSDIR@sonoma-county.org,,,,,,,,,,,,,,,,,,,
CA Dept. of Public Health,California Hospital Data,https://www.cdph.ca.gov/ ,Population  Related Data Set,To advance the health and well-being of California's diverse people and communities,State,,Health programs in CA, ,Annually,State wildfire resources: https://www.cdph.ca.gov/Programs/EPO/Pages/Wildfire%20Pages/Wildfires--.aspx ; Requires agreements and approval from board,,,,,,,,,,,,,,,,,,,,
SAMSHA,2020 Uniform Reporting System (URS) Table For California,https://www.samhsa.gov/data/report/2020-uniform-reporting-system-urs-table-california ,Population  Related Data Set,"Collect annually to support the Community Mental Health Services Block Grant program. State Mental Health Authorities report on National Outcome Measures (NOMS), evidence-based practices, and utilization measures providing an overview of state mental health delivery systems.",State,,"Survey measures
- positive outcomes inadequately addressed 

Age groups

Hospitalization by residence types",2007-2020,"Annually, but lags a year behind",How can this data link to post-wildfire trauma incidences/trauma?,https://www.samhsa.gov/about-us/contact-us,,,,,,,,,,,,,,,,,,,
"FEMA
US Fire Administration",State fire profiles,https://www.usfa.fema.gov/data/statistics/states/california.html,Population  Related Data Set,"A snapshot of California fire losses reported through the National Fire Incident Reporting System (NFIRS) in 2018, along with fire fatalities in 2021",County,,"Fires casualties by general incident types

Fire department specialized services

Fire fatalities",2019-Present,"Annually, but some aspects are reliant on NFIRS Report","Local fire departments searchable by address info

Lack specifics of fire incidences",https://www.usfa.fema.gov/contact.html,,,,,,,,,,,,,,,,,,,
Census Bureau,American Community Survey (ACS) ,https://www.census.gov/programs-surveys/acs/news/data-releases.html,Population  Related Data Set,"American Community Survey demographic, socioeconomic and other data. Has several variables related to population distributions, specific vulnerabilities, also variables that would be useful to have for planning evacuations/emergency response etc..",Census Tracts,,"Planning for emergency response/evacuations: Households with no internet access, households with a smartphone, households with no vehicles etc.",2007-Present,Annually but data lags a year behind,"Too many variables here, probably would want to select subset for case study",https://www.census.gov/about/contact-us.html,,,,,,,,,,,,,,,,,,,
USGS,USGS National Map,https://apps.nationalmap.gov/viewer/,Population  Related Data Set,"Several layers available, on land cover, impervious surface, elevation, but also structures (schools, medical and emergency response facilities, transportation, etc.)",N/A,,"Structures (select medical and emergency response incl hospitals, ambulance services, and fire stations/EMS, education, law enforcement), geographic names, canopy cover, shrublands (NLCD data), slope map for elevation, ",Current,Annually but dependant on report you wish to view,,https://answers.usgs.gov/,,,,,,,,,,,,,,,,,,,
HHS-ACF,Head Start Center Location Datasets,https://eclkc.ohs.acf.hhs.gov/about-us/article/head-start-center-location-datasets,Population  Related Data Set,Point locations of Head Start funded programs. Head Start provides care and learning experiences for young children.,N/A,,,Current,Annually,Location of service providers and recipients vulnerable to disaster.,https://eclkc.ohs.acf.hhs.gov/contact-us,,,,,,,,,,,,,,,,,,,
Census,Community Resilience Estimates,https://www.census.gov/programs-surveys/community-resilience-estimates/data/datasets.html,Population  Related Data Set,Examines how at-risk every single neighborhood is to the impact of a disaster. The community Resilience Estimates use single year microdata.,Census Tracts,,Social Vulnerability and equity gaps,2018-2019,,,https://www.census.gov/about/contact-us.html,,,,,,,,,,,,,,,,,,,
"geo, NASA, COPERNICUS ",Global Wildfire Information System ,https://gwis.jrc.ec.europa.eu/,Population  Related Data Set,2001-2019 Historical data . Forecast and Damage assessment ,N/A,,"Historical data, forectas, damage assessment. ",2002-Present,Frequently,,https://gwis.jrc.ec.europa.eu/contact-us,,,,,,,,,,,,,,,,,,,
Washington Office of Financial Management ,population and demographics,https://ofm.wa.gov/washington-data-research/population-demographics,Population  Related Data Set,"characteristics of Washington’s population, housing, and economy",Census Tracts,,householde income,2000-2020,Every Decade,,https://ofm.wa.gov/washington-data-research/population-demographics/contacts-population-demographics,,,,,,,,,,,,,,,,,,,
